{
  "Task-data": [],
  "User-data": [
    {
      "undefined": {
        "name": "",
        "email": "2wrwer",
        "password": "",
        "dob": "werwr",
        "contact": "",
        "username": ""
      },
      "id": 1
    },
    {
      "Nishant": {
        "name": "",
        "email": "",
        "password": "",
        "dob": "",
        "contact": "",
        "username": "Jai dff"
      },
      "id": 2
    },
    {
      "name": "    ",
      "email": "QWWEWQR",
      "dob": "EWFWRW",
      "contact": "131314",
      "username": "aetr",
      "id": 3
    },
    {
      "name": "qwerqewr",
      "email": "werweqr",
      "dob": "qwrwqre",
      "contact": "qwwrwqer",
      "username": "ehgfewrD dsr",
      "id": 4
    },
    {
      "name": "werewr",
      "email": "werewr",
      "dob": "0213-03-12",
      "contact": "234242",
      "username": "2wrtqwetr",
      "id": 5
    },
    {
      "name": "213",
      "email": "12321",
      "password": "312312",
      "dob": "0001-03-12",
      "contact": "123123",
      "username": "132313",
      "id": 6
    },
    {
      "name": "Nishant",
      "email": "9310575381",
      "password": "23453254",
      "dob": "0435-05-23",
      "contact": "345345",
      "username": "NIshanygysw",
      "id": 7
    },
    {
      "name": "Nishant",
      "email": "9310575381",
      "dob": "0123-03-12",
      "contact": "123131",
      "username": "5123",
      "id": 8
    },
    {
      "name": "Nishant",
      "email": "9310575381",
      "password": "3535453453345",
      "dob": "5345-03-04",
      "contact": "34543534",
      "username": "4354354",
      "id": 9
    }
  ]
}