{
  "Task-data": [
    {
      "Task": "Arjun",
      "status": "pending",
      "id": 1
    }
  ],
  "User-data": [
    {
      "name": "wr",
      "email": "wrwer",
      "password": "werwer",
      "dob": "234523-04-23",
      "contact": "235",
      "username": "lonetiger99",
      "id": 1
    },
    {
      "name": "qwerw",
      "email": "trw",
      "password": "yhi",
      "dob": "0787-08-07",
      "contact": "878787",
      "username": "878787",
      "id": 2
    },
    {
      "name": "wer54we",
      "email": "wertret",
      "password": "ertre",
      "dob": "35634-03-04",
      "contact": "345325432",
      "username": "5345345",
      "id": 3
    },
    {
      "name": "Nishant",
      "email": "9310575381",
      "password": "353534534345",
      "dob": "13123-02-13",
      "contact": "13131",
      "username": "lonetiger99",
      "id": 4
    },
    {
      "id": 5
    },
    {
      "id": 6
    },
    {
      "name": "",
      "email": "",
      "password": "",
      "dob": "",
      "contact": "",
      "username": "",
      "id": 7
    },
    {
      "name": "",
      "email": "",
      "password": "",
      "dob": "",
      "contact": "",
      "username": "",
      "id": 8
    },
    {
      "name": "",
      "email": "",
      "password": "",
      "dob": "",
      "contact": "",
      "username": "",
      "id": 9
    },
    {
      "name": "Nishant",
      "email": "9310575381",
      "password": "23432423",
      "dob": "123123-03-12",
      "contact": "12312312",
      "username": "erhh",
      "id": 10
    },
    {
      "name": "Nishant",
      "email": "9310575381",
      "password": "235432534",
      "dob": "141234-03-14",
      "contact": "324234",
      "username": "lonetiger99",
      "id": 11
    },
    {
      "name": "Nishant",
      "email": "9310575381",
      "password": "wrwerew",
      "dob": "5325-04-23",
      "contact": "2353245",
      "username": "2534543",
      "id": 12
    },
    {
      "name": "Nishant",
      "email": "9310575381",
      "password": "234235",
      "dob": "275760-04-23",
      "contact": "4353453",
      "username": "34534534534",
      "id": 13
    },
    {
      "name": "Nishant",
      "email": "9310575381",
      "password": "23432423",
      "dob": "0012-03-12",
      "contact": "2143",
      "username": "lonetiger99",
      "id": 14
    },
    {
      "name": "",
      "email": "",
      "password": "",
      "dob": "",
      "contact": "",
      "username": "",
      "id": 15
    }
  ]
}